strt_date,LST,view_time,eps_31,eps_32,strt_date,hour,minute,Year,Month,Day,timestamp
2016-01-17,299.62,9.8,0.984,0.986,2016-01-17,9,48,2016,1,17,2016-01-17 09:48:00
2016-02-29,305.68,11.0,0.49,0.986,2016-02-29,11,0,2016,2,29,2016-02-29 11:00:00
2016-03-18,304.06,9.8,0.982,0.49,2016-03-18,9,48,2016,3,18,2016-03-18 09:48:00
2016-03-28,300.84000000000003,10.5,0.49,0.49,2016-03-28,10,30,2016,3,28,2016-03-28 10:30:00
2016-04-03,301.12,10.4,0.49,0.49,2016-04-03,10,24,2016,4,3,2016-04-03 10:24:00
2016-04-06,300.34000000000003,9.9,0.49,0.49,2016-04-06,9,54,2016,4,6,2016-04-06 09:54:00
2016-04-07,303.26,10.0,0.49,0.49,2016-04-07,10,0,2016,4,7,2016-04-07 10:00:00
2016-04-09,300.04,10.4,0.49,0.49,2016-04-09,10,24,2016,4,9,2016-04-09 10:24:00
2016-04-10,307.0,10.600000000000001,0.49,0.986,2016-04-10,10,36,2016,4,10,2016-04-10 10:36:00
2016-04-13,303.18,9.8,0.982,0.49,2016-04-13,9,48,2016,4,13,2016-04-13 09:48:00
2016-04-14,303.46,9.700000000000001,0.49,0.986,2016-04-14,9,42,2016,4,14,2016-04-14 09:42:00
2016-04-23,304.54,10.8,0.984,0.986,2016-04-23,10,48,2016,4,23,2016-04-23 10:48:00
2016-04-24,307.02,10.4,0.982,0.986,2016-04-24,10,24,2016,4,24,2016-04-24 10:24:00
2016-04-25,302.2,9.8,0.984,0.986,2016-04-25,9,48,2016,4,25,2016-04-25 09:48:00
2016-04-26,306.64,10.100000000000001,0.984,0.49,2016-04-26,10,6,2016,4,26,2016-04-26 10:06:00
2016-05-15,302.92,10.9,0.49,0.986,2016-05-15,10,54,2016,5,15,2016-05-15 10:54:00
2016-05-20,301.06,10.0,0.982,0.49,2016-05-20,10,0,2016,5,20,2016-05-20 10:00:00
2016-05-24,303.82,10.100000000000001,0.982,0.49,2016-05-24,10,6,2016,5,24,2016-05-24 10:06:00
2016-05-26,304.54,10.700000000000001,0.982,0.986,2016-05-26,10,42,2016,5,26,2016-05-26 10:42:00
2016-05-27,302.72,10.600000000000001,0.982,0.986,2016-05-27,10,36,2016,5,27,2016-05-27 10:36:00
2016-05-30,303.90000000000003,10.700000000000001,0.984,0.986,2016-05-30,10,42,2016,5,30,2016-05-30 10:42:00
2016-06-01,304.3,10.600000000000001,0.984,0.986,2016-06-01,10,36,2016,6,1,2016-06-01 10:36:00
2016-06-06,306.32,11.0,0.984,0.986,2016-06-06,11,0,2016,6,6,2016-06-06 11:00:00
2016-06-11,303.42,10.4,0.49,0.986,2016-06-11,10,24,2016,6,11,2016-06-11 10:24:00
2016-06-16,299.78000000000003,10.4,0.49,0.49,2016-06-16,10,24,2016,6,16,2016-06-16 10:24:00
2016-06-21,300.48,10.600000000000001,0.984,0.49,2016-06-21,10,36,2016,6,21,2016-06-21 10:36:00
2016-07-01,306.68,10.700000000000001,0.49,0.49,2016-07-01,10,42,2016,7,1,2016-07-01 10:42:00
2016-07-05,302.1,10.600000000000001,0.49,0.986,2016-07-05,10,36,2016,7,5,2016-07-05 10:36:00
2016-07-08,301.94,10.5,0.984,0.49,2016-07-08,10,30,2016,7,8,2016-07-08 10:30:00
2016-07-17,303.48,9.8,0.49,0.49,2016-07-17,9,48,2016,7,17,2016-07-17 09:48:00
2016-07-22,306.26,10.200000000000001,0.49,0.49,2016-07-22,10,12,2016,7,22,2016-07-22 10:12:00
2016-07-23,302.1,10.100000000000001,0.982,0.986,2016-07-23,10,6,2016,7,23,2016-07-23 10:06:00
2016-07-24,307.6,10.9,0.982,0.49,2016-07-24,10,54,2016,7,24,2016-07-24 10:54:00
2016-07-27,306.16,10.5,0.49,0.49,2016-07-27,10,30,2016,7,27,2016-07-27 10:30:00
2016-07-28,304.54,9.9,0.984,0.986,2016-07-28,9,54,2016,7,28,2016-07-28 09:54:00
2016-07-29,306.58,10.4,0.49,0.986,2016-07-29,10,24,2016,7,29,2016-07-29 10:24:00
2016-07-31,310.78000000000003,10.9,0.984,0.986,2016-07-31,10,54,2016,7,31,2016-07-31 10:54:00
2016-08-02,313.44,10.9,0.982,0.49,2016-08-02,10,54,2016,8,2,2016-08-02 10:54:00
2016-08-04,308.0,9.9,0.982,0.49,2016-08-04,9,54,2016,8,4,2016-08-04 09:54:00
2016-08-05,306.76,10.3,0.49,0.986,2016-08-05,10,18,2016,8,5,2016-08-05 10:18:00
2016-08-07,310.96,11.0,0.984,0.986,2016-08-07,11,0,2016,8,7,2016-08-07 11:00:00
2016-08-13,312.44,9.700000000000001,0.49,0.49,2016-08-13,9,42,2016,8,13,2016-08-13 09:42:00
2016-08-14,314.04,10.200000000000001,0.982,0.986,2016-08-14,10,12,2016,8,14,2016-08-14 10:12:00
2016-08-20,314.68,10.5,0.982,0.49,2016-08-20,10,30,2016,8,20,2016-08-20 10:30:00
2016-08-27,316.78000000000003,9.8,0.982,0.986,2016-08-27,9,48,2016,8,27,2016-08-27 09:48:00
2016-08-28,312.62,10.100000000000001,0.49,0.986,2016-08-28,10,6,2016,8,28,2016-08-28 10:06:00
2016-09-05,313.66,10.200000000000001,0.982,0.986,2016-09-05,10,12,2016,9,5,2016-09-05 10:12:00
2016-09-08,312.52,10.3,0.982,0.986,2016-09-08,10,18,2016,9,8,2016-09-08 10:18:00
2016-10-07,306.62,10.9,0.49,0.49,2016-10-07,10,54,2016,10,7,2016-10-07 10:54:00
2016-10-08,312.04,11.0,0.49,0.49,2016-10-08,11,0,2016,10,8,2016-10-08 11:00:00
2016-10-12,314.66,10.9,0.982,0.49,2016-10-12,10,54,2016,10,12,2016-10-12 10:54:00
2016-10-15,308.92,10.9,0.984,0.986,2016-10-15,10,54,2016,10,15,2016-10-15 10:54:00
2016-10-17,311.54,10.8,0.49,0.49,2016-10-17,10,48,2016,10,17,2016-10-17 10:48:00
2016-10-24,306.54,10.100000000000001,0.984,0.49,2016-10-24,10,6,2016,10,24,2016-10-24 10:06:00
2016-11-03,306.04,10.700000000000001,0.982,0.49,2016-11-03,10,42,2016,11,3,2016-11-03 10:42:00
2016-11-13,311.92,10.700000000000001,0.982,0.49,2016-11-13,10,42,2016,11,13,2016-11-13 10:42:00
2016-11-22,307.22,10.5,0.982,0.986,2016-11-22,10,30,2016,11,22,2016-11-22 10:30:00
2016-11-27,307.28000000000003,10.700000000000001,0.984,0.986,2016-11-27,10,42,2016,11,27,2016-11-27 10:42:00
2016-12-09,304.0,10.3,0.49,0.49,2016-12-09,10,18,2016,12,9,2016-12-09 10:18:00
2016-12-12,305.02,10.3,0.49,0.49,2016-12-12,10,18,2016,12,12,2016-12-12 10:18:00
2017-01-28,303.14,10.700000000000001,0.982,0.49,2017-01-28,10,42,2017,1,28,2017-01-28 10:42:00
2017-02-17,300.8,10.4,0.982,0.986,2017-02-17,10,24,2017,2,17,2017-02-17 10:24:00
2017-02-23,304.34000000000003,10.9,0.982,0.49,2017-02-23,10,54,2017,2,23,2017-02-23 10:54:00
2017-03-03,306.32,10.0,0.982,0.986,2017-03-03,10,0,2017,3,3,2017-03-03 10:00:00
2017-04-04,301.12,10.700000000000001,0.984,0.986,2017-04-04,10,42,2017,4,4,2017-04-04 10:42:00
2017-04-20,304.74,10.200000000000001,0.984,0.49,2017-04-20,10,12,2017,4,20,2017-04-20 10:12:00
2017-04-22,304.88,10.4,0.984,0.49,2017-04-22,10,24,2017,4,22,2017-04-22 10:24:00
2017-04-29,302.04,10.9,0.49,0.986,2017-04-29,10,54,2017,4,29,2017-04-29 10:54:00
2017-05-07,300.38,9.8,0.984,0.49,2017-05-07,9,48,2017,5,7,2017-05-07 09:48:00
2017-05-08,305.34000000000003,10.3,0.49,0.49,2017-05-08,10,18,2017,5,8,2017-05-08 10:18:00
2017-05-10,304.04,10.200000000000001,0.49,0.986,2017-05-10,10,12,2017,5,10,2017-05-10 10:12:00
2017-05-11,301.0,9.9,0.982,0.986,2017-05-11,9,54,2017,5,11,2017-05-11 09:54:00
2017-05-15,304.92,10.600000000000001,0.982,0.986,2017-05-15,10,36,2017,5,15,2017-05-15 10:36:00
2017-05-19,304.98,9.8,0.984,0.986,2017-05-19,9,48,2017,5,19,2017-05-19 09:48:00
2017-05-22,303.16,10.200000000000001,0.49,0.49,2017-05-22,10,12,2017,5,22,2017-05-22 10:12:00
2017-05-31,301.44,9.8,0.49,0.986,2017-05-31,9,48,2017,5,31,2017-05-31 09:48:00
2017-06-12,302.34000000000003,10.4,0.982,0.49,2017-06-12,10,24,2017,6,12,2017-06-12 10:24:00
2017-06-13,302.14,10.700000000000001,0.982,0.986,2017-06-13,10,42,2017,6,13,2017-06-13 10:42:00
2017-06-16,307.04,10.4,0.49,0.988,2017-06-16,10,24,2017,6,16,2017-06-16 10:24:00
2017-06-18,308.64,10.100000000000001,0.982,0.986,2017-06-18,10,6,2017,6,18,2017-06-18 10:06:00
2017-06-19,304.5,10.3,0.49,0.986,2017-06-19,10,18,2017,6,19,2017-06-19 10:18:00
2017-06-21,308.1,11.100000000000001,0.982,0.986,2017-06-21,11,6,2017,6,21,2017-06-21 11:06:00
2017-06-23,308.5,10.200000000000001,0.49,0.986,2017-06-23,10,12,2017,6,23,2017-06-23 10:12:00
2017-06-29,306.5,9.700000000000001,0.982,0.986,2017-06-29,9,42,2017,6,29,2017-06-29 09:42:00
2017-06-30,308.48,10.600000000000001,0.982,0.986,2017-06-30,10,36,2017,6,30,2017-06-30 10:36:00
2017-07-16,309.58,10.100000000000001,0.49,0.49,2017-07-16,10,6,2017,7,16,2017-07-16 10:06:00
2017-07-18,310.48,10.8,0.49,0.49,2017-07-18,10,48,2017,7,18,2017-07-18 10:48:00
2017-07-20,309.94,10.4,0.984,0.49,2017-07-20,10,24,2017,7,20,2017-07-20 10:24:00
2017-07-24,305.08,11.0,0.49,0.49,2017-07-24,11,0,2017,7,24,2017-07-24 11:00:00
2017-07-25,309.26,10.0,0.982,0.49,2017-07-25,10,0,2017,7,25,2017-07-25 10:00:00
2017-07-26,300.8,10.100000000000001,0.982,0.49,2017-07-26,10,6,2017,7,26,2017-07-26 10:06:00
2017-07-29,308.84000000000003,10.3,0.982,0.49,2017-07-29,10,18,2017,7,29,2017-07-29 10:18:00
2017-08-03,309.88,10.3,0.49,0.49,2017-08-03,10,18,2017,8,3,2017-08-03 10:18:00
2017-08-07,304.34000000000003,9.9,0.49,0.49,2017-08-07,9,54,2017,8,7,2017-08-07 09:54:00
2017-08-10,310.88,9.9,0.49,0.49,2017-08-10,9,54,2017,8,10,2017-08-10 09:54:00
2017-08-12,311.40000000000003,10.200000000000001,0.49,0.49,2017-08-12,10,12,2017,8,12,2017-08-12 10:12:00
2017-08-15,308.48,10.100000000000001,0.49,0.986,2017-08-15,10,6,2017,8,15,2017-08-15 10:06:00
2017-08-21,312.66,10.5,0.984,0.986,2017-08-21,10,30,2017,8,21,2017-08-21 10:30:00
2017-08-23,311.02,10.9,0.982,0.986,2017-08-23,10,54,2017,8,23,2017-08-23 10:54:00
2017-08-24,312.16,10.700000000000001,0.984,0.49,2017-08-24,10,42,2017,8,24,2017-08-24 10:42:00
2017-08-26,313.22,9.8,0.49,0.986,2017-08-26,9,48,2017,8,26,2017-08-26 09:48:00
2017-08-27,306.26,11.100000000000001,0.982,0.49,2017-08-27,11,6,2017,8,27,2017-08-27 11:06:00
2017-08-31,309.3,10.3,0.982,0.49,2017-08-31,10,18,2017,8,31,2017-08-31 10:18:00
2017-09-08,312.56,10.9,0.49,0.986,2017-09-08,10,54,2017,9,8,2017-09-08 10:54:00
2017-09-09,312.1,10.3,0.982,0.986,2017-09-09,10,18,2017,9,9,2017-09-09 10:18:00
2017-09-17,311.18,10.100000000000001,0.982,0.49,2017-09-17,10,6,2017,9,17,2017-09-17 10:06:00
2017-09-19,303.90000000000003,10.700000000000001,0.982,0.986,2017-09-19,10,42,2017,9,19,2017-09-19 10:42:00
2017-09-20,312.8,10.0,0.984,0.986,2017-09-20,10,0,2017,9,20,2017-09-20 10:00:00
2017-09-22,310.08,10.9,0.49,0.986,2017-09-22,10,54,2017,9,22,2017-09-22 10:54:00
2017-09-25,310.36,9.8,0.984,0.986,2017-09-25,9,48,2017,9,25,2017-09-25 09:48:00
2017-10-10,309.90000000000003,9.9,0.982,0.49,2017-10-10,9,54,2017,10,10,2017-10-10 09:54:00
2017-10-27,309.1,9.8,0.49,0.986,2017-10-27,9,48,2017,10,27,2017-10-27 09:48:00
2017-10-29,310.96,10.700000000000001,0.984,0.986,2017-10-29,10,42,2017,10,29,2017-10-29 10:42:00
2017-11-04,309.08,9.700000000000001,0.982,0.986,2017-11-04,9,42,2017,11,4,2017-11-04 09:42:00
2017-12-05,307.12,10.4,0.982,0.986,2017-12-05,10,24,2017,12,5,2017-12-05 10:24:00
2017-12-06,304.64,10.9,0.49,0.49,2017-12-06,10,54,2017,12,6,2017-12-06 10:54:00
2017-12-11,307.90000000000003,9.9,0.49,0.986,2017-12-11,9,54,2017,12,11,2017-12-11 09:54:00
2017-12-23,305.64,10.4,0.984,0.986,2017-12-23,10,24,2017,12,23,2017-12-23 10:24:00
2018-01-31,304.0,10.5,0.982,0.49,2018-01-31,10,30,2018,1,31,2018-01-31 10:30:00
2018-02-04,304.2,9.700000000000001,0.984,0.49,2018-02-04,9,42,2018,2,4,2018-02-04 09:42:00
2018-04-19,302.16,10.200000000000001,0.49,0.986,2018-04-19,10,12,2018,4,19,2018-04-19 10:12:00
2018-04-28,304.76,10.200000000000001,0.49,0.986,2018-04-28,10,12,2018,4,28,2018-04-28 10:12:00
2018-05-04,307.06,9.9,0.984,0.986,2018-05-04,9,54,2018,5,4,2018-05-04 09:54:00
2018-05-05,302.34000000000003,11.0,0.49,0.986,2018-05-05,11,0,2018,5,5,2018-05-05 11:00:00
2018-05-09,306.88,10.200000000000001,0.982,0.986,2018-05-09,10,12,2018,5,9,2018-05-09 10:12:00
2018-05-14,302.66,10.9,0.49,0.986,2018-05-14,10,54,2018,5,14,2018-05-14 10:54:00
2018-05-15,301.22,10.5,0.982,0.986,2018-05-15,10,30,2018,5,15,2018-05-15 10:30:00
2018-05-16,297.88,9.9,0.49,0.49,2018-05-16,9,54,2018,5,16,2018-05-16 09:54:00
2018-05-17,295.46,10.600000000000001,0.982,0.49,2018-05-17,10,36,2018,5,17,2018-05-17 10:36:00
2018-05-20,306.5,10.200000000000001,0.49,0.49,2018-05-20,10,12,2018,5,20,2018-05-20 10:12:00
2018-05-22,306.04,11.0,0.49,0.49,2018-05-22,11,0,2018,5,22,2018-05-22 11:00:00
2018-05-23,305.40000000000003,9.700000000000001,0.984,0.49,2018-05-23,9,42,2018,5,23,2018-05-23 09:42:00
2018-06-02,302.52,10.3,0.49,0.49,2018-06-02,10,18,2018,6,2,2018-06-02 10:18:00
2018-06-05,308.24,10.8,0.49,0.988,2018-06-05,10,48,2018,6,5,2018-06-05 10:48:00
2018-06-06,305.34000000000003,10.8,0.49,0.986,2018-06-06,10,48,2018,6,6,2018-06-06 10:48:00
2018-06-07,307.04,10.5,0.49,0.49,2018-06-07,10,30,2018,6,7,2018-06-07 10:30:00
2018-06-09,304.76,9.9,0.49,0.49,2018-06-09,9,54,2018,6,9,2018-06-09 09:54:00
2018-06-16,306.86,9.9,0.982,0.49,2018-06-16,9,54,2018,6,16,2018-06-16 09:54:00
2018-06-19,306.96,10.200000000000001,0.49,0.49,2018-06-19,10,12,2018,6,19,2018-06-19 10:12:00
2018-06-21,308.8,11.0,0.982,0.49,2018-06-21,11,0,2018,6,21,2018-06-21 11:00:00
2018-06-24,307.58,9.700000000000001,0.982,0.49,2018-06-24,9,42,2018,6,24,2018-06-24 09:42:00
2018-07-01,302.8,10.3,0.49,0.49,2018-07-01,10,18,2018,7,1,2018-07-01 10:18:00
2018-07-10,309.08,10.700000000000001,0.49,0.986,2018-07-10,10,42,2018,7,10,2018-07-10 10:42:00
2018-07-11,304.12,10.200000000000001,0.982,0.49,2018-07-11,10,12,2018,7,11,2018-07-11 10:12:00
2018-07-12,309.98,10.600000000000001,0.49,0.986,2018-07-12,10,36,2018,7,12,2018-07-12 10:36:00
2018-07-14,308.98,10.9,0.49,0.49,2018-07-14,10,54,2018,7,14,2018-07-14 10:54:00
2018-07-17,307.5,10.200000000000001,0.982,0.986,2018-07-17,10,12,2018,7,17,2018-07-17 10:12:00
2018-07-18,307.38,10.4,0.984,0.986,2018-07-18,10,24,2018,7,18,2018-07-18 10:24:00
2018-07-19,309.5,10.100000000000001,0.984,0.986,2018-07-19,10,6,2018,7,19,2018-07-19 10:06:00
2018-07-24,306.76,10.700000000000001,0.984,0.986,2018-07-24,10,42,2018,7,24,2018-07-24 10:42:00
2018-07-30,304.38,9.8,0.984,0.49,2018-07-30,9,48,2018,7,30,2018-07-30 09:48:00
2018-08-04,310.2,10.9,0.49,0.49,2018-08-04,10,54,2018,8,4,2018-08-04 10:54:00
2018-08-06,311.64,10.200000000000001,0.982,0.986,2018-08-06,10,12,2018,8,6,2018-08-06 10:12:00
2018-08-10,310.44,11.0,0.984,0.986,2018-08-10,11,0,2018,8,10,2018-08-10 11:00:00
2018-08-11,310.3,10.100000000000001,0.984,0.986,2018-08-11,10,6,2018,8,11,2018-08-11 10:06:00
2018-08-21,304.96,10.8,0.49,0.49,2018-08-21,10,48,2018,8,21,2018-08-21 10:48:00
2018-08-24,313.52,10.700000000000001,0.49,0.986,2018-08-24,10,42,2018,8,24,2018-08-24 10:42:00
2018-08-25,310.90000000000003,9.8,0.982,0.986,2018-08-25,9,48,2018,8,25,2018-08-25 09:48:00
2018-08-30,300.88,9.9,0.49,0.986,2018-08-30,9,54,2018,8,30,2018-08-30 09:54:00
2018-09-04,312.08,10.8,0.982,0.49,2018-09-04,10,48,2018,9,4,2018-09-04 10:48:00
2018-09-06,306.7,10.5,0.49,0.986,2018-09-06,10,30,2018,9,6,2018-09-06 10:30:00
2018-09-07,313.36,10.5,0.49,0.49,2018-09-07,10,30,2018,9,7,2018-09-07 10:30:00
2018-09-09,311.14,10.100000000000001,0.49,0.49,2018-09-09,10,6,2018,9,9,2018-09-09 10:06:00
2018-09-12,314.12,11.0,0.49,0.49,2018-09-12,11,0,2018,9,12,2018-09-12 11:00:00
2018-09-13,304.78000000000003,10.4,0.49,0.49,2018-09-13,10,24,2018,9,13,2018-09-13 10:24:00
2018-09-23,318.90000000000003,9.700000000000001,0.49,0.49,2018-09-23,9,42,2018,9,23,2018-09-23 09:42:00
2018-09-27,310.84000000000003,10.200000000000001,0.49,0.49,2018-09-27,10,12,2018,9,27,2018-09-27 10:12:00
2018-10-02,316.58,10.700000000000001,0.984,0.49,2018-10-02,10,42,2018,10,2,2018-10-02 10:42:00
2018-10-04,314.54,10.4,0.49,0.986,2018-10-04,10,24,2018,10,4,2018-10-04 10:24:00
2018-10-05,308.06,10.600000000000001,0.982,0.986,2018-10-05,10,36,2018,10,5,2018-10-05 10:36:00
2018-10-06,314.62,10.100000000000001,0.49,0.986,2018-10-06,10,6,2018,10,6,2018-10-06 10:06:00
2018-10-08,310.76,10.700000000000001,0.49,0.986,2018-10-08,10,42,2018,10,8,2018-10-08 10:42:00
2018-10-09,321.1,11.0,0.982,0.986,2018-10-09,11,0,2018,10,9,2018-10-09 11:00:00
2018-10-12,310.86,10.3,0.49,0.986,2018-10-12,10,18,2018,10,12,2018-10-12 10:18:00
2018-10-24,310.28000000000003,10.8,0.984,0.49,2018-10-24,10,48,2018,10,24,2018-10-24 10:48:00
2018-10-27,311.78000000000003,10.0,0.982,0.986,2018-10-27,10,0,2018,10,27,2018-10-27 10:00:00
2018-11-10,310.52,11.0,0.49,0.986,2018-11-10,11,0,2018,11,10,2018-11-10 11:00:00
2018-11-12,312.76,10.3,0.49,0.986,2018-11-12,10,18,2018,11,12,2018-11-12 10:18:00
2018-12-01,301.26,9.8,0.982,0.49,2018-12-01,9,48,2018,12,1,2018-12-01 09:48:00
